time,anomaly
1850-01-01,0.82543564
1850-02-01,1.166584
1850-03-01,0.90867734
1850-04-01,0.91127884
1850-05-01,0.9918149
1850-06-01,1.15575987
1850-07-01,1.34020981
1850-08-01,1.2923457
1850-09-01,1.1152931
1850-10-01,0.96687347
1850-11-01,1.2174925
1850-12-01,1.09632957
1851-01-01,1.29926062
1851-02-01,1.03066766
1851-03-01,0.8539469
1851-04-01,0.9578674
1851-05-01,1.30237725
1851-06-01,1.36329645
1851-07-01,1.4031844
1851-08-01,1.39824625
1851-09-01,1.408755116
1851-10-01,1.49163737
1851-11-01,1.41810916
1851-12-01,1.27245378
1852-01-01,1.1249043300000001
1852-02-01,1.02327326
1852-03-01,0.9402317
1852-04-01,0.9146296
1852-05-01,1.3725873100000001
1852-06-01,1.416340865
1852-07-01,1.505029385
1852-08-01,1.36441302
1852-09-01,1.4980983305
1852-10-01,1.327566
1852-11-01,1.1947521
1852-12-01,1.565385304
1853-01-01,1.26740147
1853-02-01,1.09627733
1853-03-01,1.21957833
1853-04-01,1.11368006
1853-05-01,1.2321114
1853-06-01,1.3576238
1853-07-01,1.41655942
1853-08-01,1.443352897
1853-09-01,1.2497496
1853-10-01,1.108232
1853-11-01,1.08857948
1853-12-01,1.16260093
1854-01-01,1.1186266
1854-02-01,1.13890594
1854-03-01,1.25730044
1854-04-01,1.1661676
1854-05-01,1.20920762
1854-06-01,1.20097312
1854-07-01,1.32135803
1854-08-01,1.26055261
1854-09-01,1.2832565599999999
1854-10-01,1.40473489
1854-11-01,1.08970797
1854-12-01,1.0496482
1855-01-01,1.34080376
1855-02-01,1.18655062
1855-03-01,1.15598503
1855-04-01,1.28179663
1855-05-01,1.1122929
1855-06-01,1.1670374
1855-07-01,1.1670107
1855-08-01,1.30047537
1855-09-01,1.2292870599999999
1855-10-01,1.3045528100000001
1855-11-01,1.11069053
1855-12-01,1.08010268
1856-01-01,1.424371764
1856-02-01,1.16286176
1856-03-01,1.14230728
1856-04-01,1.1840616
1856-05-01,1.21491992
1856-06-01,1.28583385
1856-07-01,1.27530752
1856-08-01,1.26229402
1856-09-01,1.11178508
1856-10-01,1.0618642999999999
1856-11-01,0.94767207
1856-12-01,1.0824763
1857-01-01,1.00523776
1857-02-01,1.06512004
1857-03-01,1.02139327
1857-04-01,0.8556646
1857-05-01,0.84128815
1857-06-01,1.19585472
1857-07-01,1.0886305
1857-08-01,1.13102588
1857-09-01,1.12031057
1857-10-01,1.02736455
1857-11-01,0.8148665
1857-12-01,1.22648296
1858-01-01,1.2045146199999999
1858-02-01,1.02309817
1858-03-01,0.9523425
1858-04-01,1.07200572
1858-05-01,0.9679049
1858-06-01,1.12047878
1858-07-01,1.1644492
1858-08-01,1.22245014
1858-09-01,1.21681413
1858-10-01,1.2112671
1858-11-01,1.1344752599999999
1858-12-01,1.0450113
1859-01-01,1.11851534
1859-02-01,1.15647703
1859-03-01,1.18628272
1859-04-01,1.34284052
1859-05-01,1.34835188
1859-06-01,1.25042355
1859-07-01,1.18791
1859-08-01,1.25535156
1859-09-01,1.106142
1859-10-01,1.24527955
1859-11-01,1.2124518
1859-12-01,1.21562865
1860-01-01,1.10941702
1860-02-01,1.0317088
1860-03-01,0.7135391
1860-04-01,1.19389272
1860-05-01,1.1363732500000001
1860-06-01,1.28854044
1860-07-01,1.3152354
1860-08-01,1.3857614
1860-09-01,1.36868025
1860-10-01,1.1540405
1860-11-01,0.89506
1860-12-01,0.725769
1861-01-01,0.58196044
1861-02-01,0.8754114
1861-03-01,1.08432975
1861-04-01,1.11376375
1861-05-01,0.8392481
1861-06-01,1.2479787199999999
1861-07-01,1.20249808
1861-08-01,1.458906874
1861-09-01,1.2296677200000001
1861-10-01,1.02335355
1861-11-01,1.04241052
1861-12-01,1.14914575
1862-01-01,0.67516285
1862-02-01,0.7844644
1862-03-01,0.9646037
1862-04-01,0.97791547
1862-05-01,1.1521341
1862-06-01,1.1933886
1862-07-01,1.1551293999999999
1862-08-01,1.0438192
1862-09-01,1.1375758
1862-10-01,1.05132973
1862-11-01,0.8222445
1862-12-01,0.6054594
1863-01-01,1.42365777
1863-02-01,1.25046691
1863-03-01,1.1450013
1863-04-01,1.21172795
1863-05-01,1.1159959
1863-06-01,1.13087097
1863-07-01,1.1876653
1863-08-01,1.20261765
1863-09-01,1.14795887
1863-10-01,0.9956728
1863-11-01,1.05944195
1863-12-01,0.99680424
1864-01-01,0.6467636
1864-02-01,0.9065585
1864-03-01,1.00060314
1864-04-01,0.95641136
1864-05-01,1.17652935
1864-06-01,1.38745515
1864-07-01,1.24039418
1864-08-01,1.1920511999999999
1864-09-01,1.0574683
1864-10-01,0.8970906
1864-11-01,1.04376125
1864-12-01,0.9096728
1865-01-01,1.32390298
1865-02-01,1.0333196199999999
1865-03-01,0.83877885
1865-04-01,1.0518467
1865-05-01,1.12232718
1865-06-01,1.3041222000000001
1865-07-01,1.28439772
1865-08-01,1.28822023
1865-09-01,1.32906953
1865-10-01,1.23057455
1865-11-01,1.16294765
1865-12-01,1.0394386
1866-01-01,1.3679008
1866-02-01,1.09891126
1866-03-01,0.8178478
1866-04-01,1.0456499
1866-05-01,0.9280787
1866-06-01,1.4014886
1866-07-01,1.49148963
1866-08-01,1.2505285
1866-09-01,1.12224743
1866-10-01,1.0793728
1866-11-01,1.20170924
1866-12-01,1.09964758
1867-01-01,1.0948124799999999
1867-02-01,1.1464024
1867-03-01,0.8187911
1867-04-01,1.0786977
1867-05-01,0.92563826
1867-06-01,1.14976805
1867-07-01,1.24698895
1867-08-01,1.16952285
1867-09-01,1.35210642
1867-10-01,1.37474464
1867-11-01,1.30433962
1867-12-01,1.05462745
1868-01-01,0.8151224
1868-02-01,0.80672455
1868-03-01,1.16534388
1868-04-01,1.13700598
1868-05-01,1.21440443
1868-06-01,1.20235306
1868-07-01,1.440378018
1868-08-01,1.3067291
1868-09-01,1.15522635
1868-10-01,1.27033095
1868-11-01,1.07681915
1868-12-01,1.18603364
1869-01-01,1.16430902
1869-02-01,1.63131645
1869-03-01,0.8742288
1869-04-01,1.0943007200000001
1869-05-01,1.1900293
1869-06-01,1.11548617
1869-07-01,1.08292976
1869-08-01,1.33206075
1869-09-01,1.32837248
1869-10-01,1.2065176
1869-11-01,1.2181868
1869-12-01,0.9634169
1870-01-01,1.28893319
1870-02-01,1.0455861
1870-03-01,1.0016653
1870-04-01,1.16705927
1870-05-01,1.2022558
1870-06-01,1.26876417
1870-07-01,1.426642045
1870-08-01,1.2417726
1870-09-01,1.2976828
1870-10-01,1.05714205
1870-11-01,1.2341782000000001
1870-12-01,0.8336282
1871-01-01,0.94168866
1871-02-01,0.8284452
1871-03-01,1.32830106
1871-04-01,1.27807234
1871-05-01,1.1377983
1871-06-01,1.2135845
1871-07-01,1.417566836
1871-08-01,1.17763323
1871-09-01,1.13892767
1871-10-01,1.12672463
1871-11-01,0.9773032
1871-12-01,1.01098582
1872-01-01,0.90121126
1872-02-01,0.88012964
1872-03-01,0.976298
1872-04-01,1.1145852
1872-05-01,1.35848007
1872-06-01,1.22049952
1872-07-01,1.35368322
1872-08-01,1.508637112
1872-09-01,1.32351756
1872-10-01,1.2964807999999999
1872-11-01,1.17797148
1872-12-01,0.9520025
1873-01-01,1.23834956
1873-02-01,1.2170674799999999
1873-03-01,1.0912762
1873-04-01,1.0194447
1873-05-01,1.1490793
1873-06-01,1.17945087
1873-07-01,1.3242988900000001
1873-08-01,1.27216604
1873-09-01,1.09474453
1873-10-01,1.1093513
1873-11-01,1.03668872
1873-12-01,1.1720943
1874-01-01,1.30145372
1874-02-01,1.0615788400000001
1874-03-01,0.8270685
1874-04-01,1.0629642000000001
1874-05-01,1.16600865
1874-06-01,0.93415284
1874-07-01,1.33293302
1874-08-01,1.2039289
1874-09-01,1.33180606
1874-10-01,1.02884245
1874-11-01,1.08225513
1874-12-01,1.18799344
1875-01-01,0.9288818
1875-02-01,1.0207279
1875-03-01,0.93569726
1875-04-01,1.14194408
1875-05-01,1.2271638
1875-06-01,1.22003824
1875-07-01,1.31793992
1875-08-01,1.25351432
1875-09-01,1.26572122
1875-10-01,1.26678559
1875-11-01,0.99079454
1875-12-01,0.92327994
1876-01-01,0.98629594
1876-02-01,1.16260138
1876-03-01,1.13767576
1876-04-01,1.07572323
1876-05-01,0.90957487
1876-06-01,1.14772096
1876-07-01,1.28627251
1876-08-01,1.17275265
1876-09-01,1.08215863
1876-10-01,1.20016438
1876-11-01,0.89315325
1876-12-01,0.85658735
1877-01-01,1.08891758
1877-02-01,1.29073854
1877-03-01,1.408641435
1877-04-01,1.1540829000000001
1877-05-01,1.08872348
1877-06-01,1.36180012
1877-07-01,1.483746786
1877-08-01,1.71073052
1877-09-01,1.60758122
1877-10-01,1.61331653
1877-11-01,1.53397783
1877-12-01,1.44443709
1878-01-01,1.43020289
1878-02-01,1.72940955
1878-03-01,1.86132926
1878-04-01,1.68853739
1878-05-01,1.377598606
1878-06-01,1.510291125
1878-07-01,1.4227636
1878-08-01,1.45344665
1878-09-01,1.520835022
1878-10-01,1.3349841
1878-11-01,1.35744189
1878-12-01,1.1773776
1879-01-01,1.2622152899999999
1879-02-01,1.23397952
1879-03-01,1.2416116
1879-04-01,1.11759952
1879-05-01,1.1561289399999999
1879-06-01,1.21674007
1879-07-01,1.2358775
1879-08-01,1.23465705
1879-09-01,1.26443075
1879-10-01,1.34094125
1879-11-01,1.102662
1879-12-01,0.94954467
1880-01-01,1.10613656
1880-02-01,1.0501062
1880-03-01,1.3056132599999999
1880-04-01,1.16196716
1880-05-01,1.1746498
1880-06-01,1.11946964
1880-07-01,1.1851932
1880-08-01,1.39281697
1880-09-01,1.20296618
1880-10-01,1.10905078
1880-11-01,1.21931043
1880-12-01,1.1827349
1881-01-01,1.28536968
1881-02-01,1.27541196
1881-03-01,1.25179394
1881-04-01,1.43747979
1881-05-01,1.37810157
1881-06-01,1.10091728
1881-07-01,1.30595513
1881-08-01,1.36183153
1881-09-01,1.1992397000000001
1881-10-01,1.2694919
1881-11-01,1.11878633
1881-12-01,1.22867498
1882-01-01,1.474614227
1882-02-01,1.38273823
1882-03-01,1.32291965
1882-04-01,1.18525836
1882-05-01,1.17427003
1882-06-01,1.10774517
1882-07-01,1.15897316
1882-08-01,1.25489947
1882-09-01,1.34955412
1882-10-01,1.1009164
1882-11-01,1.09649006
1882-12-01,0.84526
1883-01-01,1.0272272199999999
1883-02-01,1.0145678
1883-03-01,1.23363036
1883-04-01,1.06096512
1883-05-01,1.1599717
1883-06-01,1.3098456
1883-07-01,1.28141855
1883-08-01,1.21211666
1883-09-01,1.1937318000000001
1883-10-01,1.1599004
1883-11-01,1.1037493600000001
1883-12-01,1.08518255
1884-01-01,1.05644628
1884-02-01,1.1671434299999999
1884-03-01,0.99453187
1884-04-01,0.9910384
1884-05-01,0.93437874
1884-06-01,0.9862107
1884-07-01,0.9341363
1884-08-01,1.070878
1884-09-01,0.9956697
1884-10-01,1.036654
1884-11-01,0.9147935
1884-12-01,1.0102781
1885-01-01,0.84385836
1885-02-01,0.9472428
1885-03-01,1.07898358
1885-04-01,0.86502963
1885-05-01,0.89368784
1885-06-01,0.86335117
1885-07-01,1.0795296699999999
1885-08-01,1.0949322000000001
1885-09-01,1.14326686
1885-10-01,1.13849235
1885-11-01,1.11574402
1885-12-01,1.28239858
1886-01-01,1.0202550000000001
1886-02-01,1.02120999
1886-03-01,1.01276997
1886-04-01,1.1384133
1886-05-01,1.20742875
1886-06-01,0.9980233
1886-07-01,1.1978012
1886-08-01,1.04261342
1886-09-01,1.10920787
1886-10-01,1.08702138
1886-11-01,1.00921053
1886-12-01,1.1052020200000001
1887-01-01,0.75623
1887-02-01,0.84111786
1887-03-01,1.05461454
1887-04-01,1.01719618
1887-05-01,0.97054046
1887-06-01,0.97415733
1887-07-01,1.11109123
1887-08-01,1.05445752
1887-09-01,1.1114475
1887-10-01,1.0553854
1887-11-01,1.06483835
1887-12-01,1.00349432
1888-01-01,0.8815296
1888-02-01,0.91271216
1888-03-01,0.90274084
1888-04-01,1.1480682199999999
1888-05-01,1.08869207
1888-06-01,1.1782829000000001
1888-07-01,1.1613738
1888-08-01,1.18948624
1888-09-01,1.1753054299999999
1888-10-01,1.33355005
1888-11-01,1.23503774
1888-12-01,1.2406743
1889-01-01,1.2033373
1889-02-01,1.493420611
1889-03-01,1.41265082
1889-04-01,1.41320982
1889-05-01,1.34188703
1889-06-01,1.28717352
1889-07-01,1.21909773
1889-08-01,1.1928655799999999
1889-09-01,1.15833926
1889-10-01,1.12998953
1889-11-01,0.9935551
1889-12-01,1.15572703
1890-01-01,0.96609944
1890-02-01,1.0349873299999999
1890-03-01,0.8888807
1890-04-01,1.00592276
1890-05-01,0.96353066
1890-06-01,1.00519696
1890-07-01,1.01085904
1890-08-01,1.03300515
1890-09-01,1.017792
1890-10-01,1.0608144
1890-11-01,0.82991284
1890-12-01,1.1007007
1891-01-01,0.919801
1891-02-01,0.90242916
1891-03-01,1.13748923
1891-04-01,1.0519252
1891-05-01,1.1538061800000001
1891-06-01,1.124905
1891-07-01,1.10033008
1891-08-01,1.1451443000000001
1891-09-01,1.2433039799999999
1891-10-01,1.1570319
1891-11-01,0.9660874
1891-12-01,1.28196728
1892-01-01,1.0352006
1892-02-01,1.2103298
1892-03-01,0.967002
1892-04-01,0.9543924
1892-05-01,1.0431096
1892-06-01,1.06355762
1892-07-01,0.9132408
1892-08-01,0.991675
1892-09-01,1.1175625
1892-10-01,1.06617823
1892-11-01,0.83930576
1892-12-01,0.7077432
1893-01-01,0.4551046999999999
1893-02-01,0.65500724
1893-03-01,1.07319903
1893-04-01,0.9851576
1893-05-01,0.9278622
1893-06-01,1.05768895
1893-07-01,1.25624461
1893-08-01,1.2130457
1893-09-01,1.13486266
1893-10-01,1.19573423
1893-11-01,1.095189
1893-12-01,1.0154732
1894-01-01,0.8723864
1894-02-01,1.07050294
1894-03-01,0.98840874
1894-04-01,0.96252525
1894-05-01,0.9808316
1894-06-01,0.916352
1894-07-01,1.10787433
1894-08-01,1.14642063
1894-09-01,1.0603034
1894-10-01,1.1009886
1894-11-01,1.0399340000000001
1894-12-01,0.948305
1895-01-01,0.8640125
1895-02-01,0.8582014
1895-03-01,0.8821211
1895-04-01,1.03890595
1895-05-01,1.01746887
1895-06-01,1.0746399
1895-07-01,1.1650993
1895-08-01,1.12275225
1895-09-01,1.10571852
1895-10-01,1.1742581
1895-11-01,1.1786313
1895-12-01,1.13317156
1896-01-01,1.1847949
1896-02-01,1.16337854
1896-03-01,0.91163754
1896-04-01,0.9539686
1896-05-01,1.14388028
1896-06-01,1.26990867
1896-07-01,1.31756464
1896-08-01,1.3284364
1896-09-01,1.34472464
1896-10-01,1.382058054
1896-11-01,1.18594876
1896-12-01,1.405611515
1897-01-01,1.1999016
1897-02-01,1.1513927
1897-03-01,1.08453
1897-04-01,1.3823599
1897-05-01,1.3859177599999999
1897-06-01,1.3372643
1897-07-01,1.31295307
1897-08-01,1.3145769
1897-09-01,1.31373046
1897-10-01,1.28767738
1897-11-01,1.0772558
1897-12-01,1.03483817
1898-01-01,1.30075216
1898-02-01,0.94387335
1898-03-01,0.6572513
1898-04-01,0.836987
1898-05-01,0.94041073
1898-06-01,1.16528612
1898-07-01,1.10524908
1898-08-01,1.1105719
1898-09-01,1.12923038
1898-10-01,0.9990427
1898-11-01,0.9713681
1898-12-01,1.0104717
1899-01-01,1.1401959
1899-02-01,0.9459691
1899-03-01,0.9110456
1899-04-01,1.0606584
1899-05-01,1.14108887
1899-06-01,0.9989996
1899-07-01,1.13446346
1899-08-01,1.26020241
1899-09-01,1.3484167
1899-10-01,1.31686297
1899-11-01,1.443059232
1899-12-01,1.033834
1900-01-01,0.9934801
1900-02-01,1.2971395000000001
1900-03-01,1.30032751
1900-04-01,1.27586304
1900-05-01,1.19741514
1900-06-01,1.28289375
1900-07-01,1.30911517
1900-08-01,1.28921926
1900-09-01,1.30431323
1900-10-01,1.4352433
1900-11-01,1.23747665
1900-12-01,1.26376496
1901-01-01,1.21940655
1901-02-01,1.2318022800000001
1901-03-01,1.2991827599999999
1901-04-01,1.3246969
1901-05-01,1.25065535
1901-06-01,1.26337355
1901-07-01,1.1710543
1901-08-01,1.2949369
1901-09-01,1.14482662
1901-10-01,1.1592571
1901-11-01,1.10417128
1901-12-01,1.01549372
1902-01-01,1.06043252
1902-02-01,1.26778798
1902-03-01,1.0259995800000001
1902-04-01,1.0694942
1902-05-01,1.06976315
1902-06-01,1.05481294
1902-07-01,1.11084124
1902-08-01,1.07489097
1902-09-01,1.12719953
1902-10-01,0.9994964
1902-11-01,0.93738407
1902-12-01,0.934086
1903-01-01,1.0655775
1903-02-01,1.25972946
1903-03-01,1.10156602
1903-04-01,0.91200393
1903-05-01,0.9839123
1903-06-01,0.9523185
1903-07-01,0.9947906
1903-08-01,0.89859194
1903-09-01,0.94024664
1903-10-01,0.83518445
1903-11-01,0.87021166
1903-12-01,0.78595024
1904-01-01,0.693395
1904-02-01,0.730086
1904-03-01,0.8035221
1904-04-01,0.8531694
1904-05-01,0.8906066
1904-06-01,0.9358455
1904-07-01,0.9469554
1904-08-01,1.0215914
1904-09-01,0.90338624
1904-10-01,0.94695705
1904-11-01,1.10339403
1904-12-01,1.00035417
1905-01-01,1.03658405
1905-02-01,0.77983135
1905-03-01,0.97594607
1905-04-01,0.9410057
1905-05-01,1.06576347
1905-06-01,1.15741736
1905-07-01,1.12689695
1905-08-01,1.19552323
1905-09-01,1.15480486
1905-10-01,1.1648507000000001
1905-11-01,1.28271475
1905-12-01,1.22564548
1906-01-01,1.20331565
1906-02-01,1.1114188999999999
1906-03-01,1.210471
1906-04-01,1.39597988
1906-05-01,1.1234758
1906-06-01,1.26746155
1906-07-01,1.15704077
1906-08-01,1.22881836
1906-09-01,1.14697406
1906-10-01,1.17770338
1906-11-01,0.96820563
1906-12-01,1.17946327
1907-01-01,0.97069764
1907-02-01,0.8814087
1907-03-01,1.06206936
1907-04-01,1.0220017000000001
1907-05-01,0.8549645
1907-06-01,0.9559415
1907-07-01,1.07491028
1907-08-01,1.0089843
1907-09-01,1.1013207
1907-10-01,1.16405877
1907-11-01,0.94362694
1907-12-01,0.91012317
1908-01-01,1.03352335
1908-02-01,1.0860941
1908-03-01,0.7959275
1908-04-01,0.9115918
1908-05-01,1.04693604
1908-06-01,1.08720046
1908-07-01,1.0989605199999999
1908-08-01,1.01874343
1908-09-01,1.1127785000000001
1908-10-01,0.9252718
1908-11-01,0.8546782
1908-12-01,0.86184555
1909-01-01,0.7370594
1909-02-01,0.96446663
1909-03-01,0.8478585
1909-04-01,0.86718446
1909-05-01,0.9081795
1909-06-01,0.99993265
1909-07-01,0.9762369
1909-08-01,1.1630819
1909-09-01,1.0843281
1909-10-01,1.00548393
1909-11-01,1.11334798
1909-12-01,0.90366155
1910-01-01,1.0672158
1910-02-01,0.9709374
1910-03-01,0.8810627
1910-04-01,0.9650816
1910-05-01,0.9631611
1910-06-01,0.9406566
1910-07-01,1.06524196
1910-08-01,1.11121312
1910-09-01,1.0770618
1910-10-01,1.01518044
1910-11-01,0.827571
1910-12-01,0.7433259
1911-01-01,0.83195347
1911-02-01,0.79396635
1911-03-01,0.7360149
1911-04-01,0.85635436
1911-05-01,0.8727922
1911-06-01,0.94567716
1911-07-01,1.0073900199999999
1911-08-01,0.9935549
1911-09-01,1.0017589
1911-10-01,1.15488473
1911-11-01,1.15068674
1911-12-01,1.184505
1912-01-01,1.17059913
1912-02-01,1.18508258
1912-03-01,0.9456543
1912-04-01,1.16211763
1912-05-01,1.1647490999999999
1912-06-01,1.21491206
1912-07-01,0.99269146
1912-08-01,0.92752707
1912-09-01,0.8562323
1912-10-01,0.8208826
1912-11-01,0.94207674
1912-12-01,0.90939873
1913-01-01,0.9363509
1913-02-01,0.94991374
1913-03-01,0.89420015
1913-04-01,0.9659551
1913-05-01,0.95883137
1913-06-01,0.9485156
1913-07-01,1.0230206800000001
1913-08-01,1.10439995
1913-09-01,1.08309335
1913-10-01,1.06163582
1913-11-01,1.13227707
1913-12-01,1.33597593
1914-01-01,1.421525255
1914-02-01,1.22989103
1914-03-01,1.10251656
1914-04-01,1.0910948
1914-05-01,1.1921002600000001
1914-06-01,1.19201684
1914-07-01,1.2030485
1914-08-01,1.25540008
1914-09-01,1.19859344
1914-10-01,1.389725566
1914-11-01,1.30970328
1914-12-01,1.26327538
1915-01-01,1.21254134
1915-02-01,1.27957384
1915-03-01,1.30600195
1915-04-01,1.417377725
1915-05-01,1.33191943
1915-06-01,1.32789083
1915-07-01,1.33096823
1915-08-01,1.43318173
1915-09-01,1.379702255
1915-10-01,1.21389312
1915-11-01,1.32718134
1915-12-01,1.1376412
1916-01-01,1.16213995
1916-02-01,1.23596364
1916-03-01,1.06090763
1916-04-01,1.1248220500000001
1916-05-01,1.08188477
1916-06-01,1.0051607200000001
1916-07-01,1.11511573
1916-08-01,1.20323983
1916-09-01,1.1781327
1916-10-01,1.1255842
1916-11-01,0.9857976
1916-12-01,0.6787315
1917-01-01,0.8107859
1917-02-01,0.784018
1917-03-01,0.71570486
1917-04-01,0.9538892
1917-05-01,0.8557165
1917-06-01,1.02113092
1917-07-01,1.25472544
1917-08-01,1.1671779199999999
1917-09-01,1.2020293
1917-10-01,0.96438974
1917-11-01,1.04075232
1917-12-01,0.7134456
1918-01-01,0.9820261
1918-02-01,0.82783484
1918-03-01,0.92093194
1918-04-01,0.8765408
1918-05-01,0.9747823
1918-06-01,1.11348248
1918-07-01,1.13041478
1918-08-01,1.07017964
1918-09-01,1.24174103
1918-10-01,1.38111279
1918-11-01,1.31019741
1918-12-01,1.07574388
1919-01-01,1.24873865
1919-02-01,1.25792727
1919-03-01,1.10790175
1919-04-01,1.28858197
1919-05-01,1.19206133
1919-06-01,1.14230806
1919-07-01,1.20010743
1919-08-01,1.2618609
1919-09-01,1.21393886
1919-10-01,1.24119508
1919-11-01,0.9424744
1919-12-01,0.9966856
1920-01-01,1.24136296
1920-02-01,0.954117
1920-03-01,1.32792741
1920-04-01,1.16341576
1920-05-01,1.24372387
1920-06-01,1.26188973
1920-07-01,1.19953066
1920-08-01,1.27340285
1920-09-01,1.3035445
1920-10-01,1.28223951
1920-11-01,1.1543529000000001
1920-12-01,1.0115234
1921-01-01,1.28239268
1921-02-01,1.20478755
1921-03-01,1.15736592
1921-04-01,1.20903057
1921-05-01,1.19840452
1921-06-01,1.34559983
1921-07-01,1.3445929699999999
1921-08-01,1.17865306
1921-09-01,1.29289372
1921-10-01,1.36555816
1921-11-01,1.30407561
1921-12-01,1.22852096
1922-01-01,1.080923
1922-02-01,1.09119594
1922-03-01,1.1558519999999999
1922-04-01,1.20888862
1922-05-01,1.03035036
1922-06-01,1.20729634
1922-07-01,1.2409192
1922-08-01,1.144107
1922-09-01,1.17567867
1922-10-01,1.15485513
1922-11-01,1.2446025600000001
1922-12-01,1.19459376
1923-01-01,1.09627742
1923-02-01,1.0055677
1923-03-01,1.04437643
1923-04-01,1.08961335
1923-05-01,1.0961251
1923-06-01,1.24730888
1923-07-01,1.08036256
1923-08-01,1.17615083
1923-09-01,1.15906724
1923-10-01,1.3235455
1923-11-01,1.46648774
1923-12-01,1.39995055
1924-01-01,1.1728889599999999
1924-02-01,1.1847176799999999
1924-03-01,1.32404551
1924-04-01,1.15752068
1924-05-01,1.28242683
1924-06-01,1.2244477599999999
1924-07-01,1.20608464
1924-08-01,1.1827581
1924-09-01,1.16930422
1924-10-01,1.13414946
1924-11-01,1.2092633
1924-12-01,1.00764626
1925-01-01,1.00836435
1925-02-01,1.01468733
1925-03-01,1.12624824
1925-04-01,1.19305745
1925-05-01,1.1943426
1925-06-01,1.16586357
1925-07-01,1.16913563
1925-08-01,1.33171484
1925-09-01,1.24106628
1925-10-01,1.21146598
1925-11-01,1.440901585
1925-12-01,1.514048895
1926-01-01,1.58253241
1926-02-01,1.464968517
1926-03-01,1.523573108
1926-04-01,1.3420071
1926-05-01,1.22996554
1926-06-01,1.31718415
1926-07-01,1.2915523
1926-08-01,1.39998307
1926-09-01,1.38211619
1926-10-01,1.43003671
1926-11-01,1.384211004
1926-12-01,1.17784426
1927-01-01,1.1887609399999999
1927-02-01,1.2878998799999999
1927-03-01,1.0810465200000001
1927-04-01,1.1854953
1927-05-01,1.26995486
1927-06-01,1.25168881
1927-07-01,1.29515468
1927-08-01,1.28669585
1927-09-01,1.38035103
1927-10-01,1.47032772
1927-11-01,1.37332645
1927-12-01,1.17643708
1928-01-01,1.482895415
1928-02-01,1.375330746
1928-03-01,1.1804174
1928-04-01,1.26479098
1928-05-01,1.1985311
1928-06-01,1.17327034
1928-07-01,1.3116804
1928-08-01,1.32148372
1928-09-01,1.29331312
1928-10-01,1.3159551999999999
1928-11-01,1.32790484
1928-12-01,1.27328806
1929-01-01,1.0635487000000001
1929-02-01,0.8963147
1929-03-01,1.01284742
1929-04-01,1.0626648
1929-05-01,1.0654706
1929-06-01,1.09114662
1929-07-01,1.0603791
1929-08-01,1.2336921
1929-09-01,1.22266096
1929-10-01,1.27873422
1929-11-01,1.35982251
1929-12-01,0.9396387
1930-01-01,1.1368535
1930-02-01,1.14415446
1930-03-01,1.2526724200000001
1930-04-01,1.26871113
1930-05-01,1.24932358
1930-06-01,1.29625447
1930-07-01,1.3117356
1930-08-01,1.40234744
1930-09-01,1.407768585
1930-10-01,1.409422465
1930-11-01,1.56376379
1930-12-01,1.43532779
1931-01-01,1.36306058
1931-02-01,1.2413094
1931-03-01,1.39080636
1931-04-01,1.32929541
1931-05-01,1.30710004
1931-06-01,1.47455322
1931-07-01,1.491821797
1931-08-01,1.473337278
1931-09-01,1.448031444
1931-10-01,1.473014528
1931-11-01,1.3642047800000001
1931-12-01,1.40269298
1932-01-01,1.57975415
1932-02-01,1.32194638
1932-03-01,1.3052345
1932-04-01,1.438780054
1932-05-01,1.34017858
1932-06-01,1.24458864
1932-07-01,1.37028016
1932-08-01,1.31017943
1932-09-01,1.49944933376
1932-10-01,1.40560873
1932-11-01,1.20513862
1932-12-01,1.23332134
1933-01-01,1.18890885
1933-02-01,1.14900592
1933-03-01,1.1148449
1933-04-01,1.2152948399999999
1933-05-01,1.2230636
1933-06-01,1.17639035
1933-07-01,1.2096051
1933-08-01,1.34624028
1933-09-01,1.17335257
1933-10-01,1.254172
1933-11-01,1.0951613199999999
1933-12-01,0.9858274
1934-01-01,1.17673245
1934-02-01,1.3548269
1934-03-01,1.0689431
1934-04-01,1.12823734
1934-05-01,1.35981071
1934-06-01,1.40767249
1934-07-01,1.32190903
1934-08-01,1.38559884
1934-09-01,1.36549033
1934-10-01,1.41822989
1934-11-01,1.531826723
1934-12-01,1.388679996
1935-01-01,1.1520272999999999
1935-02-01,1.54972145
1935-03-01,1.28553702
1935-04-01,1.1771624
1935-05-01,1.18565777
1935-06-01,1.2907134
1935-07-01,1.35905796
1935-08-01,1.35122448
1935-09-01,1.30947118
1935-10-01,1.444786765
1935-11-01,1.17846432
1935-12-01,1.24346524
1936-01-01,1.10151884
1936-02-01,1.15688017
1936-03-01,1.1708355799999999
1936-04-01,1.3116787
1936-05-01,1.32767089
1936-06-01,1.35100143
1936-07-01,1.43012993
1936-08-01,1.42672036
1936-09-01,1.391233854
1936-10-01,1.458617423
1936-11-01,1.445889223
1936-12-01,1.39357241
1937-01-01,1.37314829
1937-02-01,1.566486835
1937-03-01,1.23807153
1937-04-01,1.378786534
1937-05-01,1.408792734
1937-06-01,1.491571669
1937-07-01,1.519690081
1937-08-01,1.536828596
1937-09-01,1.64490855
1937-10-01,1.62801065
1937-11-01,1.561703082
1937-12-01,1.4216142999999999
1938-01-01,1.54551444
1938-02-01,1.490175786
1938-03-01,1.484720816
1938-04-01,1.54000326
1938-05-01,1.40408503
1938-06-01,1.40635518
1938-07-01,1.45377435
1938-08-01,1.4971555832
1938-09-01,1.51991738
1938-10-01,1.66282216
1938-11-01,1.554737236
1938-12-01,1.29433
1939-01-01,1.378212206
1939-02-01,1.382395424
1939-03-01,1.21126834
1939-04-01,1.393597215
1939-05-01,1.46994785
1939-06-01,1.514760026
1939-07-01,1.462251022
1939-08-01,1.45933245
1939-09-01,1.482839633
1939-10-01,1.40065427
1939-11-01,1.521302136
1939-12-01,1.83387345
1940-01-01,1.447345182
1940-02-01,1.58632718
1940-03-01,1.464233745
1940-04-01,1.64895241
1940-05-01,1.5502412
1940-06-01,1.544663727
1940-07-01,1.6482532
1940-08-01,1.59961082
1940-09-01,1.63118677
1940-10-01,1.59584135
1940-11-01,1.4953438146
1940-12-01,1.69923072
1941-01-01,1.460439045
1941-02-01,1.61823889
1941-03-01,1.38347472
1941-04-01,1.536228664
1941-05-01,1.56123504
1941-06-01,1.5596246
1941-07-01,1.66075781
1941-08-01,1.539676894
1941-09-01,1.35547933
1941-10-01,1.71426645
1941-11-01,1.492742095
1941-12-01,1.57538852
1942-01-01,1.75783694
1942-02-01,1.516801072
1942-03-01,1.458420597
1942-04-01,1.484846385
1942-05-01,1.6237906500000001
1942-06-01,1.530325836
1942-07-01,1.440247502
1942-08-01,1.44259388
1942-09-01,1.486534651
1942-10-01,1.41305653
1942-11-01,1.442489963
1942-12-01,1.419929095
1943-01-01,1.31732677
1943-02-01,1.46938566
1943-03-01,1.33227265
1943-04-01,1.522969417
1943-05-01,1.5355091299999999
1943-06-01,1.42512899
1943-07-01,1.518335527
1943-08-01,1.531610876
1943-09-01,1.486558492
1943-10-01,1.7277136
1943-11-01,1.60388872
1943-12-01,1.60626907
1944-01-01,1.81816214
1944-02-01,1.61862034
1944-03-01,1.62006746
1944-04-01,1.54225588
1944-05-01,1.619925626
1944-06-01,1.60735916
1944-07-01,1.64871696
1944-08-01,1.7066618199999999
1944-09-01,1.66769068
1944-10-01,1.70805594
1944-11-01,1.58847658
1944-12-01,1.583269
1945-01-01,1.59508047
1945-02-01,1.54839935
1945-03-01,1.53865824
1945-04-01,1.70985286
1945-05-01,1.438314293
1945-06-01,1.46347978
1945-07-01,1.50042324737
1945-08-01,1.7362123999999999
1945-09-01,1.6028386000000001
1945-10-01,1.594233386
1945-11-01,1.489360914
1945-12-01,1.30020681
1946-01-01,1.546495322
1946-02-01,1.38425357
1946-03-01,1.3784449
1946-04-01,1.498929784
1946-05-01,1.417281196
1946-06-01,1.2299710799999999
1946-07-01,1.390610375
1946-08-01,1.34587474
1946-09-01,1.40180178
1946-10-01,1.43187365
1946-11-01,1.39191227
1946-12-01,1.15679777
1947-01-01,1.34948899
1947-02-01,1.35893603
1947-03-01,1.42381709
1947-04-01,1.445130166
1947-05-01,1.42919895
1947-06-01,1.407267034
1947-07-01,1.43518176
1947-08-01,1.38711736
1947-09-01,1.33956982
1947-10-01,1.533811674
1947-11-01,1.52912334
1947-12-01,1.26689121
1948-01-01,1.48100335
1948-02-01,1.26142399
1948-03-01,1.21697652
1948-04-01,1.385397606
1948-05-01,1.557578247
1948-06-01,1.491784029
1948-07-01,1.37040317
1948-08-01,1.452425256
1948-09-01,1.36619626
1948-10-01,1.44319625
1948-11-01,1.32666786
1948-12-01,1.1510122
1949-01-01,1.481421907
1949-02-01,1.25774008
1949-03-01,1.39042182
1949-04-01,1.35328701
1949-05-01,1.38874525
1949-06-01,1.26683433
1949-07-01,1.31992054
1949-08-01,1.42249635
1949-09-01,1.376729704
1949-10-01,1.41026451
1949-11-01,1.3189581
1949-12-01,1.28755349
1950-01-01,1.19995645
1950-02-01,1.12996364
1950-03-01,1.28356166
1950-04-01,1.25638427
1950-05-01,1.36270222
1950-06-01,1.394956626
1950-07-01,1.39329769
1950-08-01,1.34738237
1950-09-01,1.25496414
1950-10-01,1.29895554
1950-11-01,1.1191842300000001
1950-12-01,1.23922962
1951-01-01,1.13965738
1951-02-01,0.9906215
1951-03-01,1.2379807999999999
1951-04-01,1.3919223
1951-05-01,1.532269213
1951-06-01,1.560181145
1951-07-01,1.53866412
1951-08-01,1.62133113
1951-09-01,1.63226272
1951-10-01,1.62436143
1951-11-01,1.42770329
1951-12-01,1.5691973
1952-01-01,1.59402644
1952-02-01,1.568350874
1952-03-01,1.33646098
1952-04-01,1.54558809
1952-05-01,1.522243695
1952-06-01,1.523484357
1952-07-01,1.59006012
1952-08-01,1.596942395
1952-09-01,1.59621102
1952-10-01,1.483465562
1952-11-01,1.36771494
1952-12-01,1.45970629
1953-01-01,1.490994822
1953-02-01,1.59501191
1953-03-01,1.518006958
1953-04-01,1.72455436
1953-05-01,1.64901619
1953-06-01,1.6404282000000001
1953-07-01,1.543144584
1953-08-01,1.58707856
1953-09-01,1.58630111
1953-10-01,1.58342033
1953-11-01,1.4941900424
1953-12-01,1.51942187
1954-01-01,1.2565414
1954-02-01,1.410925545
1954-03-01,1.31660217
1954-04-01,1.38522812
1954-05-01,1.32940264
1954-06-01,1.3703661
1954-07-01,1.30383767
1954-08-01,1.39817721
1954-09-01,1.38669889
1954-10-01,1.488461534
1954-11-01,1.61638409
1954-12-01,1.33637209
1955-01-01,1.60597788
1955-02-01,1.30728686
1955-03-01,1.1036304000000001
1955-04-01,1.27090256
1955-05-01,1.26117092
1955-06-01,1.32163514
1955-07-01,1.29170397
1955-08-01,1.41157584
1955-09-01,1.35685208
1955-10-01,1.38671216
1955-11-01,1.1791621700000001
1955-12-01,1.13567093
1956-01-01,1.2596175
1956-02-01,1.21756497
1956-03-01,1.14354748
1956-04-01,1.19354078
1956-05-01,1.16393736
1956-06-01,1.2734774500000001
1956-07-01,1.2893648
1956-08-01,1.21035135
1956-09-01,1.2265246
1956-10-01,1.23684156
1956-11-01,1.28483585
1956-12-01,1.3424091
1957-01-01,1.27846476
1957-02-01,1.34143612
1957-03-01,1.3024613999999999
1957-04-01,1.458238136
1957-05-01,1.53177997
1957-06-01,1.56454678
1957-07-01,1.43732408
1957-08-01,1.57285775
1957-09-01,1.541351955
1957-10-01,1.4992079621
1957-11-01,1.49602414
1957-12-01,1.55228784
1958-01-01,1.75472188
1958-02-01,1.59280772
1958-03-01,1.5052554575
1958-04-01,1.43049151
1958-05-01,1.516476592
1958-06-01,1.34694104
1958-07-01,1.479969347
1958-08-01,1.416914396
1958-09-01,1.38520077
1958-10-01,1.480528736
1958-11-01,1.461424097
1958-12-01,1.41767783
1959-01-01,1.513691866
1959-02-01,1.494915965
1959-03-01,1.516677765
1959-04-01,1.526267799
1959-05-01,1.46146857
1959-06-01,1.4981834834
1959-07-01,1.456351835
1959-08-01,1.458654497
1959-09-01,1.35875104
1959-10-01,1.428662166
1959-11-01,1.31365831
1959-12-01,1.39665879
1960-01-01,1.38534143
1960-02-01,1.52281142
1960-03-01,1.05311635
1960-04-01,1.23806068
1960-05-01,1.32071356
1960-06-01,1.3738772
1960-07-01,1.38592838
1960-08-01,1.493689073
1960-09-01,1.5032144422
1960-10-01,1.468841445
1960-11-01,1.28495419
1960-12-01,1.5836075
1961-01-01,1.447770618
1961-02-01,1.5908280399999999
1961-03-01,1.4383521
1961-04-01,1.56100269
1961-05-01,1.567880936
1961-06-01,1.58760505
1961-07-01,1.46025011
1961-08-01,1.483147845
1961-09-01,1.469823947
1961-10-01,1.43623841
1961-11-01,1.468931096
1961-12-01,1.24820048
1962-01-01,1.44295031
1962-02-01,1.512157755
1962-03-01,1.518748457
1962-04-01,1.473927842
1962-05-01,1.31835489
1962-06-01,1.443732962
1962-07-01,1.39084264
1962-08-01,1.39026798
1962-09-01,1.4250617700000001
1962-10-01,1.461797956
1962-11-01,1.479124775
1962-12-01,1.37437938
1963-01-01,1.378051795
1963-02-01,1.540044732
1963-03-01,1.1590003
1963-04-01,1.32087022
1963-05-01,1.3533451
1963-06-01,1.43319401
1963-07-01,1.55953688
1963-08-01,1.64581573
1963-09-01,1.62205969
1963-10-01,1.56423311
1963-11-01,1.54470364
1963-12-01,1.437474094
1964-01-01,1.30547129
1964-02-01,1.27699615
1964-03-01,1.11719152
1964-04-01,1.0584020299999999
1964-05-01,1.1257510499999999
1964-06-01,1.33340172
1964-07-01,1.29937154
1964-08-01,1.1994668499999999
1964-09-01,1.0954207
1964-10-01,1.1885797
1964-11-01,1.2011718
1964-12-01,1.1283747
1965-01-01,1.3377123499999999
1965-02-01,1.23691383
1965-03-01,1.2402528
1965-04-01,1.20136112
1965-05-01,1.30838402
1965-06-01,1.29245393
1965-07-01,1.23344257
1965-08-01,1.3380044
1965-09-01,1.25468357
1965-10-01,1.39422272
1965-11-01,1.3562343000000001
1965-12-01,1.35367964
1966-01-01,1.21679455
1966-02-01,1.33242221
1966-03-01,1.3291552
1966-04-01,1.32954809
1966-05-01,1.28156221
1966-06-01,1.39500001
1966-07-01,1.5030392085
1966-08-01,1.39833036
1966-09-01,1.41341782
1966-10-01,1.26231907
1966-11-01,1.3923170599999999
1966-12-01,1.35947916
1967-01-01,1.28039852
1967-02-01,1.1718212700000001
1967-03-01,1.40625653
1967-04-01,1.36757304
1967-05-01,1.557162356
1967-06-01,1.391830996
1967-07-01,1.432107635
1967-08-01,1.400834255
1967-09-01,1.37548512
1967-10-01,1.479713883
1967-11-01,1.380349495
1967-12-01,1.3462712
1968-01-01,1.17533496
1968-02-01,1.23228943
1968-03-01,1.496272268
1968-04-01,1.31956986
1968-05-01,1.27412441
1968-06-01,1.34823073
1968-07-01,1.30499741
1968-08-01,1.37002319
1968-09-01,1.27354753
1968-10-01,1.508175721
1968-11-01,1.36503974
1968-12-01,1.3088072
1969-01-01,1.33762297
1969-02-01,1.3029066
1969-03-01,1.36722447
1969-04-01,1.549255937
1969-05-01,1.56528902
1969-06-01,1.5056816083
1969-07-01,1.3908288
1969-08-01,1.42710773
1969-09-01,1.486889912
1969-10-01,1.50090877194
1969-11-01,1.523137517
1969-12-01,1.66674611
1970-01-01,1.514005779
1970-02-01,1.563759334
1970-03-01,1.4118582100000001
1970-04-01,1.42057882
1970-05-01,1.35915144
1970-06-01,1.3629899
1970-07-01,1.38781997
1970-08-01,1.3007878
1970-09-01,1.469284317
1970-10-01,1.43968964
1970-11-01,1.441802893
1970-12-01,1.3069931
1971-01-01,1.35634042
1971-02-01,1.2273844999999999
1971-03-01,1.16335443
1971-04-01,1.26706561
1971-05-01,1.3020016
1971-06-01,1.2447626999999999
1971-07-01,1.3152048299999999
1971-08-01,1.3187863
1971-09-01,1.37362224
1971-10-01,1.34382398
1971-11-01,1.34720092
1971-12-01,1.26925956
1972-01-01,1.12095702
1972-02-01,1.2221718
1972-03-01,1.35697038
1972-04-01,1.37240185
1972-05-01,1.417525485
1972-06-01,1.468090504
1972-07-01,1.40688189
1972-08-01,1.561222523
1972-09-01,1.447601262
1972-10-01,1.443160746
1972-11-01,1.448194675
1972-12-01,1.60889668
1973-01-01,1.600870065
1973-02-01,1.65933001
1973-03-01,1.61498204
1973-04-01,1.69915819
1973-05-01,1.60814754
1973-06-01,1.606045224
1973-07-01,1.51621605
1973-08-01,1.472338146
1973-09-01,1.464847825
1973-10-01,1.5108220205
1973-11-01,1.474835861
1973-12-01,1.3716073
1974-01-01,1.21760032
1974-02-01,1.0534165
1974-03-01,1.26283789
1974-04-01,1.29831068
1974-05-01,1.3734147
1974-06-01,1.38471968
1974-07-01,1.36426102
1974-08-01,1.523082737
1974-09-01,1.40730959
1974-10-01,1.38470515
1974-11-01,1.37378646
1974-12-01,1.28610726
1975-01-01,1.4033708
1975-02-01,1.479119051
1975-03-01,1.48887076
1975-04-01,1.448031463
1975-05-01,1.553007245
1975-06-01,1.439216617
1975-07-01,1.39533031
1975-08-01,1.26757815
1975-09-01,1.360499
1975-10-01,1.34628744
1975-11-01,1.23641014
1975-12-01,1.25322814
1976-01-01,1.33040649
1976-02-01,1.26813875
1976-03-01,1.16307634
1976-04-01,1.31409992
1976-05-01,1.14119413
1976-06-01,1.26022092
1976-07-01,1.32724796
1976-08-01,1.25764874
1976-09-01,1.34880547
1976-10-01,1.1677138
1976-11-01,1.36056632
1976-12-01,1.47054111
1977-01-01,1.65336634
1977-02-01,1.60381479
1977-03-01,1.57475545
1977-04-01,1.63446581
1977-05-01,1.72771347
1977-06-01,1.70780508
1977-07-01,1.64251913
1977-08-01,1.6298329
1977-09-01,1.4980096752
1977-10-01,1.48382777
1977-11-01,1.62106576
1977-12-01,1.45988611
1978-01-01,1.536995538
1978-02-01,1.57385509
1978-03-01,1.559285987
1978-04-01,1.553218562
1978-05-01,1.5115159005
1978-06-01,1.444933563
1978-07-01,1.516265042
1978-08-01,1.2831426
1978-09-01,1.54174579
1978-10-01,1.440104485
1978-11-01,1.591779426
1978-12-01,1.510227291
1979-01-01,1.5516812
1979-02-01,1.32048194
1979-03-01,1.56694152
1979-04-01,1.57699999
1979-05-01,1.477564257
1979-06-01,1.550191652
1979-07-01,1.518005762
1979-08-01,1.614524774
1979-09-01,1.67285156
1979-10-01,1.64730756
1979-11-01,1.70778532
1979-12-01,1.88596204
1980-01-01,1.7527261
1980-02-01,1.8607043
1980-03-01,1.71667273
1980-04-01,1.73393515
1980-05-01,1.7456877
1980-06-01,1.63180715
1980-07-01,1.70636384
1980-08-01,1.66441017
1980-09-01,1.623579785
1980-10-01,1.597044446
1980-11-01,1.70625903
1980-12-01,1.613674425
1981-01-01,1.94390386
1981-02-01,1.83654687
1981-03-01,1.83077422
1981-04-01,1.69894964
1981-05-01,1.64773263
1981-06-01,1.74469398
1981-07-01,1.76434663
1981-08-01,1.81205258
1981-09-01,1.6367701000000001
1981-10-01,1.55529363
1981-11-01,1.66566867
1981-12-01,1.8634116
1982-01-01,1.475931477
1982-02-01,1.56821714
1982-03-01,1.36301777
1982-04-01,1.520402594
1982-05-01,1.59071928
1982-06-01,1.4986860772
1982-07-01,1.575844936
1982-08-01,1.454411775
1982-09-01,1.516534334
1982-10-01,1.541061886
1982-11-01,1.529048067
1982-12-01,1.77728456
1983-01-01,1.8584244
1983-02-01,1.83635557
1983-03-01,1.74756545
1983-04-01,1.67535253
1983-05-01,1.72204514
1983-06-01,1.66691586
1983-07-01,1.614927486
1983-08-01,1.78377086
1983-09-01,1.8260587
1983-10-01,1.613148384
1983-11-01,1.74547733
1983-12-01,1.596021675
1984-01-01,1.65764055
1984-02-01,1.52001983
1984-03-01,1.64398187
1984-04-01,1.510137831
1984-05-01,1.71433139
1984-06-01,1.461424693
1984-07-01,1.524865314
1984-08-01,1.58923666
1984-09-01,1.62719487
1984-10-01,1.540902097
1984-11-01,1.44234996
1984-12-01,1.34397145
1985-01-01,1.6155558
1985-02-01,1.395816326
1985-03-01,1.54271185
1985-04-01,1.5028204513
1985-05-01,1.567987494
1985-06-01,1.62117828
1985-07-01,1.477108287
1985-08-01,1.6431363
1985-09-01,1.61767927
1985-10-01,1.539328277
1985-11-01,1.518120727
1985-12-01,1.55531433
1986-01-01,1.61670128
1986-02-01,1.8093588999999999
1986-03-01,1.63820964
1986-04-01,1.63485684
1986-05-01,1.63101041
1986-06-01,1.539869342
1986-07-01,1.542954296
1986-08-01,1.58790163
1986-09-01,1.524142634
1986-10-01,1.551004555
1986-11-01,1.54011416
1986-12-01,1.53212002
1987-01-01,1.72004549
1987-02-01,1.81599578
1987-03-01,1.604251325
1987-04-01,1.6889307
1987-05-01,1.66939573
1987-06-01,1.76585034
1987-07-01,1.84769198
1987-08-01,1.71050136
1987-09-01,1.76593548
1987-10-01,1.7695623600000001
1987-11-01,1.68613108
1987-12-01,1.87202516
1988-01-01,1.95912874
1988-02-01,1.83302152
1988-03-01,1.8851963299999999
1988-04-01,1.82767174
1988-05-01,1.81933275
1988-06-01,1.83036658
1988-07-01,1.7556859
1988-08-01,1.75767827
1988-09-01,1.75825685
1988-10-01,1.754709
1988-11-01,1.528571693
1988-12-01,1.6762013900000001
1989-01-01,1.473994989
1989-02-01,1.73738506
1989-03-01,1.68512788
1989-04-01,1.64958581
1989-05-01,1.538256668
1989-06-01,1.59383323
1989-07-01,1.76380813
1989-08-01,1.75223345
1989-09-01,1.79773393
1989-10-01,1.76001906
1989-11-01,1.61531052
1989-12-01,1.7837144
1990-01-01,1.78277373
1990-02-01,1.77884814
1990-03-01,2.1347864
1990-04-01,1.9940245
1990-05-01,1.90596974
1990-06-01,1.8151888
1990-07-01,1.8796524
1990-08-01,1.78095096
1990-09-01,1.72031836
1990-10-01,1.88645974
1990-11-01,1.85899177
1990-12-01,1.78878504
1991-01-01,1.80340114
1991-02-01,1.9070458000000001
1991-03-01,1.74740836
1991-04-01,1.93600866
1991-05-01,1.81398752
1991-06-01,1.9334769
1991-07-01,1.96741664
1991-08-01,1.8620418
1991-09-01,1.85283542
1991-10-01,1.75118244
1991-11-01,1.75364134
1991-12-01,1.73831235
1992-01-01,1.86292845
1992-02-01,1.84844932
1992-03-01,1.8092249599999999
1992-04-01,1.66185239
1992-05-01,1.66797747
1992-06-01,1.65643431
1992-07-01,1.505340144
1992-08-01,1.53774724
1992-09-01,1.41010997
1992-10-01,1.477317672
1992-11-01,1.46266058
1992-12-01,1.59871902
1993-01-01,1.76102662
1993-02-01,1.78333446
1993-03-01,1.73608007
1993-04-01,1.69514883
1993-05-01,1.69503304
1993-06-01,1.66445984
1993-07-01,1.65863112
1993-08-01,1.58418279
1993-09-01,1.545521
1993-10-01,1.65051654
1993-11-01,1.56566895
1993-12-01,1.64829831
1994-01-01,1.70031649
1994-02-01,1.514015401
1994-03-01,1.73547028
1994-04-01,1.75558206
1994-05-01,1.70769499
1994-06-01,1.81435218
1994-07-01,1.68217762
1994-08-01,1.6732785
1994-09-01,1.7722316
1994-10-01,1.84696406
1994-11-01,1.8531186
1994-12-01,1.74739546
1995-01-01,1.91360325
1995-02-01,2.1401344
1995-03-01,1.8564086
1995-04-01,1.92731214
1995-05-01,1.76464352
1995-06-01,1.87844238
1995-07-01,1.94184983
1995-08-01,1.891613
1995-09-01,1.7795715300000001
1995-10-01,1.87940124
1995-11-01,1.87539726
1995-12-01,1.6740167
1996-01-01,1.71639675
1996-02-01,1.96155688
1996-03-01,1.7883724
1996-04-01,1.75163049
1996-05-01,1.73714963
1996-06-01,1.71651414
1996-07-01,1.8253906
1996-08-01,1.85149437
1996-09-01,1.70457508
1996-10-01,1.62766548
1996-11-01,1.8162582999999999
1996-12-01,1.82326886
1997-01-01,1.74903603
1997-02-01,1.80442297
1997-03-01,1.89708516
1997-04-01,1.8775284
1997-05-01,1.81710884
1997-06-01,1.99175587
1997-07-01,1.8461335
1997-08-01,1.90574697
1997-09-01,1.9674913
1997-10-01,2.0718022
1997-11-01,2.11571497
1997-12-01,2.02387595
1998-01-01,2.0629589
1998-02-01,2.2973742
1998-03-01,2.0894700999999998
1998-04-01,2.15089357
1998-05-01,2.1390668
1998-06-01,2.1679475999999998
1998-07-01,2.15909415
1998-08-01,2.1453173
1998-09-01,1.93478084
1998-10-01,1.91109028
1998-11-01,1.88224158
1998-12-01,1.98756245
1999-01-01,1.8872738
1999-02-01,2.10396034
1999-03-01,1.76383877
1999-04-01,1.76947576
1999-05-01,1.7477816
1999-06-01,1.82476822
1999-07-01,1.8104075
1999-08-01,1.8025803
1999-09-01,1.7760267299999999
1999-10-01,1.80699936
1999-11-01,1.78691775
1999-12-01,1.8137894
2000-01-01,1.6813369200000001
2000-02-01,1.99915195
2000-03-01,1.94504288
2000-04-01,2.0384154
2000-05-01,1.80583385
2000-06-01,1.8502256
2000-07-01,1.82576227
2000-08-01,1.8747202
2000-09-01,1.8107709
2000-10-01,1.69478564
2000-11-01,1.74529691
2000-12-01,1.70167494
2001-01-01,1.86417356
2001-02-01,1.8918914
2001-03-01,2.0204522000000003
2001-04-01,1.95251647
2001-05-01,1.98934218
2001-06-01,1.94591305
2001-07-01,2.00912946
2001-08-01,2.0074936
2001-09-01,1.99257064
2001-10-01,1.96419922
2001-11-01,2.19211686
2001-12-01,2.04156566
2002-01-01,2.1473876
2002-02-01,2.1426373
2002-03-01,2.29940027
2002-04-01,2.06820655
2002-05-01,2.002807
2002-06-01,1.9493149
2002-07-01,2.06947935
2002-08-01,1.9984804
2002-09-01,2.00192404
2002-10-01,2.00043756
2002-11-01,1.9944799
2002-12-01,1.84704304
2003-01-01,2.15388364
2003-02-01,1.98562348
2003-03-01,1.98364088
2003-04-01,1.97277164
2003-05-01,2.02228177
2003-06-01,1.9251341499999999
2003-07-01,1.98383972
2003-08-01,2.1121032
2003-09-01,2.0746869
2003-10-01,2.15677655
2003-11-01,1.9990721
2003-12-01,2.16022813
2004-01-01,2.0089658999999997
2004-02-01,2.134869
2004-03-01,2.0282556400000002
2004-04-01,2.02279246
2004-05-01,1.85092646
2004-06-01,1.81097007
2004-07-01,1.73719142
2004-08-01,1.95830214
2004-09-01,1.96726716
2004-10-01,2.02292866
2004-11-01,2.1510514
2004-12-01,1.91492838
2005-01-01,2.1500713
2005-02-01,2.0338277
2005-03-01,2.1459099
2005-04-01,2.13165
2005-05-01,2.053209
2005-06-01,2.0688212999999998
2005-07-01,2.05488116
2005-08-01,2.0809893600000002
2005-09-01,2.1340548999999998
2005-10-01,2.1844367399999998
2005-11-01,2.1432208
2005-12-01,2.1012786
2006-01-01,1.9999044000000001
2006-02-01,2.1455558999999997
2006-03-01,2.043684
2006-04-01,1.98621997
2006-05-01,1.97178116
2006-06-01,2.07188183
2006-07-01,1.9763779000000001
2006-08-01,2.1333706
2006-09-01,2.0499711
2006-10-01,2.1137471
2006-11-01,2.16086054
2006-12-01,2.2172777999999997
2007-01-01,2.3930489
2007-02-01,2.13967174
2007-03-01,2.09194857
2007-04-01,2.2261497
2007-05-01,2.08012205
2007-06-01,2.0006901
2007-07-01,2.0630122
2007-08-01,2.0837867
2007-09-01,2.0083473
2007-10-01,2.0590798
2007-11-01,2.0355275
2007-12-01,1.91903135
2008-01-01,1.71021158
2008-02-01,1.7693002
2008-03-01,2.1136748
2008-04-01,1.94805115
2008-05-01,1.93248925
2008-06-01,1.88399753
2008-07-01,2.0340773
2008-08-01,1.95276764
2008-09-01,2.0480162
2008-10-01,2.0909558
2008-11-01,2.13220257
2008-12-01,1.9720541
2009-01-01,2.09029907
2009-02-01,1.97127843
2009-03-01,1.946841
2009-04-01,2.0280519999999997
2009-05-01,2.0503384000000002
2009-06-01,2.1234883
2009-07-01,2.18074554
2009-08-01,2.1221325
2009-09-01,2.18177086
2009-10-01,2.1202136
2009-11-01,2.2060583
2009-12-01,2.14016175
2010-01-01,2.2106075
2010-02-01,2.2901331000000003
2010-03-01,2.3602274
2010-04-01,2.3335469399999997
2010-05-01,2.21491516
2010-06-01,2.1450033
2010-07-01,2.1174179300000002
2010-08-01,2.1146317999999997
2010-09-01,2.0642509
2010-10-01,2.14213544
2010-11-01,2.23456544
2010-12-01,1.9370223
2011-01-01,1.9567690500000001
2011-02-01,1.92912033
2011-03-01,2.0563974
2011-04-01,2.10221547
2011-05-01,1.94336236
2011-06-01,2.0482127
2011-07-01,2.1449120600000002
2011-08-01,2.1510249
2011-09-01,2.03794116
2011-10-01,2.0763366
2011-11-01,2.0112522999999998
2011-12-01,1.99482837
2012-01-01,1.8695542
2012-02-01,1.9647088
2012-03-01,1.9209961
2012-04-01,2.1105002
2012-05-01,2.1589486
2012-06-01,2.1293509999999998
2012-07-01,2.06779647
2012-08-01,2.1449439
2012-09-01,2.1475912299999997
2012-10-01,2.2321626
2012-11-01,2.2210487
2012-12-01,1.9636831
2013-01-01,2.1078036
2013-02-01,2.02651656
2013-03-01,2.0829417
2013-04-01,2.07481265
2013-05-01,2.0568857
2013-06-01,2.1593197
2013-07-01,2.08917844
2013-08-01,2.1352067
2013-09-01,2.2221902
2013-10-01,2.1503963
2013-11-01,2.2700114
2013-12-01,2.10764134
2014-01-01,2.1695646
2014-02-01,1.99080652
2014-03-01,2.194528
2014-04-01,2.23631227
2014-05-01,2.23708785
2014-06-01,2.11747456
2014-07-01,2.0809606
2014-08-01,2.23377496
2014-09-01,2.2567690000000002
2014-10-01,2.2423641
2014-11-01,2.1300028600000003
2014-12-01,2.1848145
2015-01-01,2.2400082
2015-02-01,2.28175026
2015-03-01,2.29528373
2015-04-01,2.20091575
2015-05-01,2.2309856
2015-06-01,2.2596305
2015-07-01,2.2145488
2015-08-01,2.2991504000000003
2015-09-01,2.3260931400000002
2015-10-01,2.5153373
2015-11-01,2.4959859
2015-12-01,2.5416831
2016-01-01,2.5877537
2016-02-01,2.7235882
2016-03-01,2.6820779
2016-04-01,2.5296463
2016-05-01,2.3804874
2016-06-01,2.27708083
2016-07-01,2.27772677
2016-08-01,2.44857633
2016-09-01,2.3455436
2016-10-01,2.3190290300000003
2016-11-01,2.3444865999999998
2016-12-01,2.27912897
2017-01-01,2.4519715
2017-02-01,2.5670907
2017-03-01,2.5645919
2017-04-01,2.34599763
2017-05-01,2.2798254
2017-06-01,2.1575455999999997
2017-07-01,2.3045851600000002
2017-08-01,2.31099087
2017-09-01,2.22930163
2017-10-01,2.3094920500000002
2017-11-01,2.3058706
2017-12-01,2.3148281
2018-01-01,2.2106047
2018-02-01,2.2957914
2018-03-01,2.2900751
2018-04-01,2.3223178
2018-05-01,2.2131685599999997
2018-06-01,2.2375257
2018-07-01,2.2334142
2018-08-01,2.23473924
2018-09-01,2.17586756
2018-10-01,2.3693208
2018-11-01,2.2447671
2018-12-01,2.3242561999999998
2019-01-01,2.2995958
2019-02-01,2.3442263
2019-03-01,2.5757369
2019-04-01,2.43880504
2019-05-01,2.2776251
2019-06-01,2.30911994
2019-07-01,2.3571952
2019-08-01,2.3582541299999997
2019-09-01,2.3026575
2019-10-01,2.4556284
2019-11-01,2.4372168
2019-12-01,2.5368101999999997
2020-01-01,2.5694562999999997
2020-02-01,2.6133685
2020-03-01,2.5943997000000003
2020-04-01,2.5626723
2020-05-01,2.40792704
2020-06-01,2.3251334
2020-07-01,2.31607646
2020-08-01,2.30101144
2020-09-01,2.3670323
2020-10-01,2.3107299
2020-11-01,2.5130944
2020-12-01,2.1926237
2021-01-01,2.20082587
2021-02-01,2.06454515
2021-03-01,2.2262527
2021-04-01,2.2601092
2021-05-01,2.2064251
2021-06-01,2.21322304
2021-07-01,2.2916223000000002
2021-08-01,2.29945594
2021-09-01,2.3674762
2021-10-01,2.407391
2021-11-01,2.3535719
2021-12-01,2.251281
2022-01-01,2.2788991
2022-02-01,2.27042586
